invoice_id,flagged,error_category,expected_total_cents,billed_total_cents,confidence
PA-00001,0,,26512389,26512389,0.95
PA-00002,0,,13852871,13852871,0.95
PA-00003,0,,11463204,11463204,0.95
PA-00004,0,,27880757,27880757,0.95
PA-00005,0,,14035386,14035386,0.95
PA-00006,1,adjustment_missing,,35330802,0.55
PA-00007,0,,10603434,10603434,0.95
PA-00008,0,,10020643,10020643,0.95
PA-00009,0,,10694861,10694861,0.95
PA-00010,0,,28062529,28062529,0.95
PA-00011,0,,20517170,20517170,0.95
PA-00012,0,,29480012,29480012,0.95
PA-00013,0,,32794317,32794317,0.95
PA-00014,0,,9970763,9970763,0.95
PA-00015,0,,1932454,1932454,0.95
PA-00016,0,,8531397,8531397,0.95
PA-00017,0,,38435307,38435307,0.95
PA-00018,0,,18445111,18445111,0.95
PA-00019,1,duplicate_record,,16525180,0.75
PA-00020,0,,17776130,17776130,0.95
PA-00021,0,,11064568,11064568,0.95
PA-00022,0,,21545939,21545939,0.75
PA-00023,0,,27622349,27622349,0.95
PA-00024,0,,11882743,11882743,0.95
PA-00025,0,,15179804,15179804,0.95
PA-00026,0,,15272091,15272091,0.95
PA-00027,0,,32478951,32478951,0.95
PA-00028,0,,37107960,37107960,0.75
PA-00029,0,,10647196,10647196,0.95
PA-00030,0,,11589754,11589754,0.95
PA-00031,0,,24244544,24244544,0.95
PA-00032,0,,10115477,10115477,0.95
PA-00033,0,,8176772,8176772,0.95
PA-00034,0,,23843147,23843147,0.95
PA-00035,0,,35985592,35985592,0.75
PA-00036,0,,22019046,22019046,0.95
PA-00037,0,,31612479,31612479,0.95
PA-00038,0,,28131226,28131226,0.95
PA-00039,0,,4209211,4209211,0.95
PA-00040,0,,40881435,40881435,0.95
PA-00041,0,,5213588,5213588,0.95
PA-00042,0,,23320198,23320198,0.95
PA-00043,1,application_total_mismatch,23142526,23145744,0.95
PA-00044,0,,13344042,13344042,0.95
PA-00045,0,,6362254,6362254,0.95
PA-00046,0,,5155463,5155463,0.95
PA-00047,0,,5768046,5768046,0.95
PA-00048,0,,8679884,8679884,0.95
PA-00049,0,,21324892,21324892,0.95
PA-00050,0,,5953284,5953284,0.95
PA-00051,0,,23240577,23240577,0.95
PA-00052,1,unit_mismatch,9785999,10209903,0.95
PA-00053,0,,13961460,13961460,0.95
PA-00054,0,,35579005,35579005,0.75
PA-00055,0,,26281474,26281474,0.95
PA-00056,0,,25940066,25940066,0.95
PA-00057,0,,29338588,29338588,0.75
PA-00058,0,,21981194,21981194,0.95
PA-00059,1,duplicate_record,,11445474,0.75
PA-00060,0,,4973706,4973706,0.95
PA-00061,0,,21546454,21546454,0.95
PA-00062,0,,41354537,41354537,0.95
PA-00063,0,,29195969,29195969,0.95
PA-00064,0,,6105206,6105206,0.95
PA-00065,0,,5495032,5495032,0.95
PA-00066,0,,13851090,13851090,0.95
PA-00067,1,duplicate_record,,5301160,0.75
PA-00068,0,,27531790,27531790,0.95
PA-00069,0,,28917571,28917571,0.95
PA-00070,0,,22654211,22654211,0.95
PA-00071,0,,12120970,12120970,0.95
PA-00072,0,,27197878,27197878,0.95
PA-00073,0,,12336766,12336766,0.95
PA-00074,0,,29779110,29779110,0.95
PA-00075,0,,3263196,3263196,0.95
PA-00076,0,,10256630,10256630,0.95
PA-00077,0,,24207415,24207415,0.95
PA-00078,0,,9447862,9447862,0.95
PA-00079,0,,11820544,11820544,0.95
PA-00080,0,,7740892,7740892,0.95
PA-00081,0,,16506697,16506697,0.95
PA-00082,0,,41249581,41249581,0.95
PA-00083,0,,26360273,26360273,0.95
PA-00084,0,,2974106,2974106,0.95
PA-00085,0,,47698395,47698395,0.75
PA-00086,0,,9854995,9854995,0.95
PA-00087,0,,4973754,4973754,0.95
PA-00088,0,,8838710,8838710,0.95
PA-00089,0,,28014323,28014323,0.95
PA-00090,1,unit_rate_mismatch,11943070,11959135,0.95
PA-00091,0,,21331693,21331693,0.95
PA-00092,0,,52325630,52325630,0.75
PA-00093,0,,14160538,14160538,0.95
PA-00094,0,,13387076,13387076,0.75
PA-00095,0,,18491787,18491787,0.95
PA-00096,0,,20576625,20576625,0.95
PA-00097,0,,4387870,4387870,0.95
PA-00098,0,,3162390,3162390,0.95
PA-00099,0,,16290109,16290109,0.95
PA-00100,0,,8718826,8718826,0.95
PA-00101,1,unit_rate_mismatch,38519537,38555153,0.95
PA-00102,0,,27895923,27895923,0.95
PA-00103,0,,5026384,5026384,0.95
PA-00104,0,,5960040,5960040,0.95
PA-00105,0,,15616720,15616720,0.95
PA-00106,0,,15057404,15057404,0.95
PA-00107,0,,8374345,8374345,0.95
PA-00108,0,,18451880,18451880,0.95
PA-00109,0,,32920688,32920688,0.95
PA-00110,0,,13909046,13909046,0.95
PA-00111,1,duplicate_line,,37544226,0.95
PA-00112,0,,15446854,15446854,0.95
PA-00113,0,,10478628,10478628,0.95
PA-00114,0,,12350321,12350321,0.95
PA-00115,1,unit_rate_mismatch,18557992,18558292,0.95
PA-00116,1,duplicate_record,,54891276,0.95
PA-00117,0,,21289306,21289306,0.95
PA-00118,0,,19295966,19295966,0.95
PA-00119,0,,10754890,10754890,0.95
PA-00120,1,unit_rate_mismatch,14015985,14081801,0.95
PA-00121,0,,2394139,2394139,0.95
PA-00122,0,,27841564,27841564,0.75
PA-00123,0,,7836342,7836342,0.95
PA-00124,0,,12454001,12454001,0.95
PA-00125,1,application_timing,2506853,2506853,0.75
PA-00126,0,,36455578,36455578,0.95
PA-00127,0,,8193712,8193712,0.95
PA-00128,0,,4581947,4581947,0.95
PA-00129,0,,36763951,36763951,0.95
PA-00130,0,,35694246,35694246,0.95
PA-00131,0,,48718631,48718631,0.95
PA-00132,0,,35680653,35680653,0.95
PA-00133,0,,30975661,30975661,0.95
PA-00134,0,,22105100,22105100,0.95
PA-00135,0,,6196603,6196603,0.95
PA-00136,0,,12884452,12884452,0.95
PA-00137,0,,9609370,9609370,0.95
PA-00138,1,unit_rate_mismatch,9447752,10340858,0.95
PA-00139,0,,18214814,18214814,0.95
PA-00140,0,,6766074,6766074,0.95
PA-00141,0,,17953620,17953620,0.95
PA-00142,0,,15189235,15189235,0.95
PA-00143,0,,12983169,12983169,0.95
PA-00144,0,,36282446,36282446,0.95
PA-00145,0,,35156505,35156505,0.95
PA-00146,0,,16036016,16036016,0.95
PA-00147,0,,9907152,9907152,0.95
PA-00148,0,,7830028,7830028,0.95
PA-00149,0,,17170144,17170144,0.95
PA-00150,0,,18044632,18044632,0.95
PA-00151,0,,14741443,14741443,0.95
PA-00152,0,,16242625,16242625,0.95
PA-00153,0,,38670959,38670959,0.95
PA-00154,1,line_outside_application_period,8937424,9067840,0.95
PA-00155,0,,25308550,25308550,0.95
PA-00156,0,,9951120,9951120,0.95
PA-00157,0,,33634351,33634351,0.95
PA-00158,0,,4269038,4269038,0.95
PA-00159,0,,16670201,16670201,0.95
PA-00160,0,,19059165,19059165,0.95
PA-00161,0,,12118004,12118004,0.95
PA-00162,0,,15198827,15198827,0.95
PA-00163,0,,14321840,14321840,0.95
PA-00164,0,,18687995,18687995,0.95
PA-00165,0,,11320589,11320589,0.95
PA-00166,0,,16736634,16736634,0.95
PA-00167,0,,14246179,14246179,0.95
PA-00168,0,,13839032,13839032,0.95
PA-00169,0,,4300257,4300257,0.95
PA-00170,1,item_record_mismatch,,31720879,0.95
PA-00171,0,,6760534,6760534,0.95
PA-00172,0,,20840701,20840701,0.95
PA-00173,0,,6346031,6346031,0.95
PA-00174,0,,3778428,3778428,0.95
PA-00175,0,,4941110,4941110,0.95
PA-00176,0,,15585409,15585409,0.95
PA-00177,0,,22719650,22719650,0.75
PA-00178,0,,22776475,22776475,0.95
PA-00179,0,,29345345,29345345,0.75
PA-00180,0,,21061378,21061378,0.95
PA-00181,0,,30594505,30594505,0.95
PA-00182,0,,5414686,5414686,0.95
PA-00183,0,,14540966,14540966,0.95
PA-00184,0,,4472459,4472459,0.95
PA-00185,0,,42629537,42629537,0.95
PA-00186,0,,20860362,20860362,0.95
PA-00187,0,,21077191,21077191,0.95
PA-00188,0,,37320006,37320006,0.95
PA-00189,0,,18057243,18057243,0.75
PA-00190,0,,3401315,3401315,0.95
PA-00191,0,,19824198,19824198,0.95
PA-00192,0,,50986487,50986487,0.95
PA-00193,0,,10114123,10114123,0.95
PA-00194,0,,19337661,19337661,0.95
PA-00195,0,,25393204,25393204,0.95
PA-00196,0,,17125187,17125187,0.95
PA-00197,0,,9265737,9265737,0.95
PA-00198,0,,12234906,12234906,0.95
PA-00199,0,,38788826,38788826,0.95
PA-00200,0,,28213083,28213083,0.95
PA-00201,0,,19292600,19292600,0.95
PA-00202,0,,10259644,10259644,0.95
PA-00203,0,,8950202,8950202,0.95
PA-00204,0,,12817971,12817971,0.95
PA-00205,0,,20858009,20858009,0.95
PA-00206,0,,4609792,4609792,0.95
PA-00207,0,,5005767,5005767,0.95
PA-00208,0,,9629996,9629996,0.95
PA-00209,0,,14995261,14995261,0.95
PA-00210,0,,40645841,40645841,0.75
PA-00211,0,,16574982,16574982,0.95
PA-00212,0,,26924151,26924151,0.95
PA-00213,0,,3499872,3499872,0.95
PA-00214,0,,5977250,5977250,0.95
PA-00215,0,,2877020,2877020,0.95
PA-00216,0,,36131361,36131361,0.95
PA-00217,0,,22332595,22332595,0.95
PA-00218,0,,11577999,11577999,0.95
PA-00219,1,duplicate_record,7392021,7544421,0.95
PA-00220,0,,31072762,31072762,0.95
PA-00221,0,,32695774,32695774,0.95
PA-00222,0,,6409346,6409346,0.95
PA-00223,0,,6685470,6685470,0.95
PA-00224,0,,23666002,23666002,0.95
PA-00225,0,,16955044,16955044,0.95
PA-00226,0,,9196313,9196313,0.95
PA-00227,0,,13499678,13499678,0.95
PA-00228,0,,8534538,8534538,0.95
PA-00229,0,,11197452,11197452,0.95
PA-00230,0,,21644023,21644023,0.95
PA-00231,0,,26883561,26883561,0.75
PA-00232,0,,26604226,26604226,0.75
PA-00233,0,,20497637,20497637,0.95
PA-00234,0,,2103894,2103894,0.95
PA-00235,0,,26043176,26043176,0.95
PA-00236,0,,11965001,11965001,0.95
PA-00237,0,,3373892,3373892,0.95
PA-00238,0,,23732740,23732740,0.95
PA-00239,0,,15024806,15024806,0.95
PA-00240,0,,15242323,15242323,0.95
PA-00241,0,,19766553,19766553,0.95
PA-00242,0,,13335322,13335322,0.95
PA-00243,1,quantity_exceeds_record,9248516,9409916,0.95
PA-00244,0,,31011262,31011262,0.95
PA-00245,0,,32825316,32825316,0.95
PA-00246,0,,3999930,3999930,0.95
PA-00247,0,,23287045,23287045,0.95
PA-00248,1,unit_rate_mismatch,3112167,3091793,0.95
PA-00249,0,,13499419,13499419,0.95
PA-00250,0,,20412619,20412619,0.95
PA-00251,0,,13183046,13183046,0.95
PA-00252,0,,11125843,11125843,0.95
PA-00253,0,,2889306,2889306,0.95
PA-00254,0,,9526011,9526011,0.95
PA-00255,0,,6077487,6077487,0.95
PA-00256,0,,3292594,3292594,0.95
PA-00257,0,,3979778,3979778,0.95
PA-00258,0,,23297337,23297337,0.95
PA-00259,0,,2930509,2930509,0.95
PA-00260,0,,9867820,9867820,0.95
PA-00261,0,,8455074,8455074,0.95
PA-00262,1,duplicate_record,,54127139,0.75
PA-00263,1,duplicate_record,,28005308,0.75
PA-00264,0,,29085795,29085795,0.95
PA-00265,0,,15303629,15303629,0.95
PA-00266,0,,4470019,4470019,0.95
PA-00267,0,,18822033,18822033,0.95
PA-00268,1,discount_incorrectly_applied,7917059,8140475,0.95
PA-00269,0,,36974354,36974354,0.75
PA-00270,0,,7909183,7909183,0.95
PA-00271,0,,34252975,34252975,0.75
PA-00272,0,,20116758,20116758,0.95
PA-00273,0,,13962833,13962833,0.95
PA-00274,0,,10053380,10053380,0.95
PA-00275,0,,8431958,8431958,0.95
PA-00276,0,,5954936,5954936,0.95
PA-00277,0,,16283343,16283343,0.95
PA-00278,0,,22383256,22383256,0.95
PA-00279,0,,20095841,20095841,0.95
PA-00280,0,,11604206,11604206,0.95
PA-00281,0,,16890393,16890393,0.95
PA-00282,0,,14209280,14209280,0.95
PA-00283,0,,9365597,9365597,0.95
PA-00284,0,,31927871,31927871,0.95
PA-00285,0,,5699786,5699786,0.95
PA-00286,0,,33971501,33971501,0.75
PA-00287,0,,29479764,29479764,0.75
PA-00288,0,,56120362,56120362,0.95
PA-00289,0,,17899692,17899692,0.95
PA-00290,0,,9990259,9990259,0.95
PA-00291,1,unit_rate_mismatch,11949621,12659991,0.95
PA-00292,0,,2566080,2566080,0.95
PA-00293,0,,12345821,12345821,0.95
PA-00294,0,,11387900,11387900,0.95
PA-00295,0,,6770347,6770347,0.95
PA-00296,0,,5044727,5044727,0.95
PA-00297,1,unit_rate_mismatch,,20840301,0.95
PA-00298,0,,48602005,48602005,0.75
PA-00299,0,,7734231,7734231,0.95
PA-00300,0,,19484773,19484773,0.95
PA-00301,0,,15954530,15954530,0.95
PA-00302,0,,2060504,2060504,0.95
PA-00303,0,,15635865,15635865,0.95
PA-00304,0,,677665,677665,0.95
PA-00305,0,,4227439,4227439,0.95
PA-00306,0,,27344615,27344615,0.95
PA-00307,0,,15619675,15619675,0.95
PA-00308,0,,22794729,22794729,0.95
PA-00309,1,duplicate_record,8444520,8592520,0.95
PA-00310,0,,4154451,4154451,0.95
PA-00311,0,,4219918,4219918,0.95
PA-00312,1,quantity_exceeds_record,28548574,28749989,0.95
PA-00313,0,,48444166,48444166,0.95
PA-00314,0,,8292795,8292795,0.95
PA-00315,0,,30391091,30391091,0.95
PA-00316,0,,17835391,17835391,0.95
PA-00317,0,,3897318,3897318,0.95
PA-00318,0,,57674762,57674762,0.95
PA-00319,0,,25354163,25354163,0.75
PA-00320,1,unit_rate_mismatch,5369616,5480086,0.95
PA-00321,0,,25108454,25108454,0.95
PA-00322,0,,9855226,9855226,0.95
PA-00323,0,,16142007,16142007,0.95
PA-00324,0,,32326181,32326181,0.95
PA-00325,0,,20437140,20437140,0.95
PA-00326,0,,9064896,9064896,0.95
PA-00327,0,,39433968,39433968,0.95
PA-00328,0,,7752124,7752124,0.95
PA-00329,0,,29382714,29382714,0.95
PA-00330,0,,19200208,19200208,0.95
PA-00331,0,,18182857,18182857,0.95
PA-00332,0,,16069138,16069138,0.95
PA-00333,0,,11985686,11985686,0.95
PA-00334,0,,22922044,22922044,0.95
PA-00335,0,,13321590,13321590,0.95
PA-00336,0,,8772710,8772710,0.95
PA-00337,0,,25636486,25636486,0.95
PA-00338,0,,17638787,17638787,0.95
PA-00339,0,,5451871,5451871,0.95
PA-00340,0,,25455649,25455649,0.95
PA-00341,0,,6044669,6044669,0.95
PA-00342,0,,22316777,22316777,0.95
PA-00343,0,,12247690,12247690,0.95
PA-00344,0,,3707167,3707167,0.95
PA-00345,0,,20275085,20275085,0.95
PA-00346,0,,13451730,13451730,0.95
PA-00347,0,,8850212,8850212,0.95
PA-00348,1,duplicate_record,17086186,17281258,0.95
PA-00349,0,,35490658,35490658,0.95
PA-00350,1,unit_rate_mismatch,2656068,2898313,0.95
PA-00351,0,,49707466,49707466,0.95
PA-00352,0,,2893506,2893506,0.75
PA-00353,0,,33751493,33751493,0.95
PA-00354,0,,25523536,25523536,0.95
PA-00355,0,,23862230,23862230,0.95
PA-00356,0,,3464012,3464012,0.95
PA-00357,0,,18381662,18381662,0.95
PA-00358,0,,15125469,15125469,0.95
PA-00359,0,,27477288,27477288,0.95
PA-00360,0,,7990903,7990903,0.95
PA-00361,0,,12444859,12444859,0.95
PA-00362,0,,31168581,31168581,0.75
PA-00363,0,,15059643,15059643,0.95
PA-00364,0,,17205469,17205469,0.95
PA-00365,0,,25855395,25855395,0.75
PA-00366,0,,30971200,30971200,0.95
PA-00367,0,,13742701,13742701,0.95
PA-00368,0,,28941558,28941558,0.95
PA-00369,0,,21710854,21710854,0.95
PA-00370,0,,2833916,2833916,0.95
PA-00371,0,,9017546,9017546,0.95
PA-00372,0,,42064942,42064942,0.75
PA-00373,0,,7242816,7242816,0.95
PA-00374,1,rebate_incorrectly_applied,17253143,17329539,0.95
PA-00375,1,work_after_final_completion,33658069,33752303,0.95
PA-00376,0,,19286971,19286971,0.75
PA-00377,0,,8132816,8132816,0.95
PA-00378,0,,10822814,10822814,0.95
PA-00379,0,,25729390,25729390,0.95
PA-00380,0,,13009143,13009143,0.55
PA-00381,0,,19120004,19120004,0.95
PA-00382,0,,24371682,24371682,0.95
PA-00383,0,,15244696,15244696,0.95
PA-00384,0,,9499348,9499348,0.95
PA-00385,0,,15677621,15677621,0.95
PA-00386,0,,3051165,3051165,0.95
PA-00387,0,,19054090,19054090,0.95
PA-00388,0,,43983341,43983341,0.75
PA-00389,0,,6058859,6058859,0.95
PA-00390,0,,16452899,16452899,0.95
PA-00391,0,,30603729,30603729,0.95
PA-00392,0,,27530331,27530331,0.95
PA-00393,0,,8854668,8854668,0.95
PA-00394,0,,36405687,36405687,0.95
PA-00395,1,duplicate_record,31306230,31501302,0.95
PA-00396,0,,19003602,19003602,0.95
PA-00397,0,,13951157,13951157,0.95
PA-00398,0,,15910502,15910502,0.95
PA-00399,0,,9049653,9049653,0.95
PA-00400,0,,14307273,14307273,0.95
PA-00401,0,,9161203,9161203,0.95
PA-00402,0,,11634790,11634790,0.95
PA-00403,0,,12852559,12852559,0.95
PA-00404,0,,36160859,36160859,0.95
PA-00405,0,,12895432,12895432,0.95
PA-00406,1,unit_mismatch,13688963,14467139,0.95
PA-00407,0,,10347348,10347348,0.95
PA-00408,0,,6606817,6606817,0.95
PA-00409,0,,4408364,4408364,0.95
PA-00410,0,,6065408,6065408,0.95
PA-00411,1,duplicate_record,5703203,5898275,0.95
PA-00412,0,,23049827,23049827,0.95
PA-00413,0,,17558554,17558554,0.95
PA-00414,0,,22558521,22558521,0.95
PA-00415,0,,5376556,5376556,0.95
PA-00416,0,,4792644,4792644,0.95
PA-00417,0,,44762314,44762314,0.95
PA-00418,0,,8916328,8916328,0.95
PA-00419,0,,5415118,5415118,0.95
PA-00420,0,,20094796,20094796,0.95
PA-00421,0,,15486519,15486519,0.95
PA-00422,0,,26576333,26576333,0.75
PA-00423,0,,30731694,30731694,0.95
PA-00424,0,,10004146,10004146,0.95
PA-00425,0,,21238521,21238521,0.95
PA-00426,0,,5385984,5385984,0.95
PA-00427,0,,22039980,22039980,0.95
PA-00428,0,,9339121,9339121,0.95
PA-00429,0,,22875158,22875158,0.95
PA-00430,0,,16942945,16942945,0.95
PA-00431,0,,7966734,7966734,0.75
PA-00432,0,,35621058,35621058,0.95
PA-00433,0,,51851509,51851509,0.95
PA-00434,0,,18927519,18927519,0.95
PA-00435,0,,32858060,32858060,0.95
PA-00436,0,,16790868,16790868,0.95
PA-00437,0,,10255165,10255165,0.95
PA-00438,0,,40732497,40732497,0.75
PA-00439,0,,9176889,9176889,0.95
PA-00440,0,,7192703,7192703,0.95
PA-00441,0,,15255211,15255211,0.95
PA-00442,0,,63595825,63595825,0.75
PA-00443,0,,28068888,28068888,0.55
PA-00444,0,,9978600,9978600,0.95
PA-00445,0,,2293592,2293592,0.95
PA-00446,0,,13217728,13217728,0.95
PA-00447,0,,31838272,31838272,0.95
PA-00448,0,,37345378,37345378,0.95
PA-00449,0,,12495066,12495066,0.95
PA-00450,0,,32556941,32556941,0.95
PA-00451,0,,4091290,4091290,0.95
PA-00452,0,,27091474,27091474,0.95
PA-00453,0,,2569919,2569919,0.95
PA-00454,0,,10148756,10148756,0.95
PA-00455,0,,8433657,8433657,0.95
PA-00456,0,,12778711,12778711,0.95
PA-00457,0,,41241325,41241325,0.75
PA-00458,0,,26841022,26841022,0.95
PA-00459,0,,12446258,12446258,0.95
PA-00460,0,,28357313,28357313,0.95
PA-00461,0,,14784412,14784412,0.95
PA-00462,0,,6901084,6901084,0.95
PA-00463,0,,7370153,7370153,0.95
PA-00464,0,,10206300,10206300,0.95
PA-00465,0,,2728926,2728926,0.95
PA-00466,0,,10561251,10561251,0.95
PA-00467,0,,5971586,5971586,0.95
PA-00468,1,duplicate_record,2716791,3209320,0.95
PA-00469,0,,47743018,47743018,0.95
PA-00470,0,,20710248,20710248,0.95
PA-00471,0,,10158864,10158864,0.95
PA-00472,0,,21890573,21890573,0.95
PA-00473,0,,40521830,40521830,0.95
PA-00474,0,,29986691,29986691,0.95
PA-00475,0,,28161552,28161552,0.95
PA-00476,0,,15462574,15462574,0.95
PA-00477,0,,13085539,13085539,0.95
PA-00478,0,,12532896,12532896,0.95
PA-00479,1,duplicate_record,,7959184,0.75
PA-00480,0,,13503975,13503975,0.95
PA-00481,0,,28189690,28189690,0.95
PA-00482,0,,15549325,15549325,0.95
PA-00483,0,,5282768,5282768,0.95
PA-00484,0,,4315833,4315833,0.95
PA-00485,0,,15572305,15572305,0.75
PA-00486,0,,60927834,60927834,0.75
PA-00487,0,,24535358,24535358,0.95
PA-00488,0,,41247911,41247911,0.75
PA-00489,1,unit_rate_mismatch,12858656,12910508,0.95
PA-00490,0,,9371946,9371946,0.95
PA-00491,0,,6990786,6990786,0.95
PA-00492,0,,12311775,12311775,0.95
PA-00493,0,,23255459,23255459,0.95
PA-00494,0,,15310172,15310172,0.95
PA-00495,0,,19179032,19179032,0.95
PA-00496,1,rebate_incorrectly_applied,24440766,24498911,0.95
PA-00497,0,,18996127,18996127,0.95
PA-00498,0,,10300762,10300762,0.95
PA-00499,0,,2137162,2137162,0.95
PA-00500,0,,23992116,23992116,0.95
PA-00501,0,,38739694,38739694,0.95
PA-00502,0,,36150033,36150033,0.95
PA-00503,1,unit_rate_mismatch,13349662,14399769,0.95
PA-00504,0,,33374893,33374893,0.95
PA-00505,0,,2566285,2566285,0.95
PA-00506,0,,16727660,16727660,0.95
PA-00507,0,,33673301,33673301,0.95
PA-00508,0,,10638322,10638322,0.95
PA-00509,1,unit_rate_mismatch,8659190,9242641,0.95
PA-00510,0,,24928593,24928593,0.75
PA-00511,0,,19963971,19963971,0.95
PA-00512,0,,13916542,13916542,0.95
PA-00513,0,,5782857,5782857,0.95
PA-00514,0,,8479483,8479483,0.95
PA-00515,0,,7085430,7085430,0.95
PA-00516,0,,10954352,10954352,0.95
PA-00517,0,,40066340,40066340,0.95
PA-00518,0,,1899440,1899440,0.95
PA-00519,0,,17941948,17941948,0.95
PA-00520,0,,12690368,12690368,0.95
PA-00521,0,,3771746,3771746,0.95
PA-00522,0,,5539744,5539744,0.95
PA-00523,0,,4075850,4075850,0.95
PA-00524,0,,8117216,8117216,0.95
PA-00525,0,,12084106,12084106,0.95
PA-00526,0,,7986510,7986510,0.95
PA-00527,0,,3492718,3492718,0.95
PA-00528,0,,24693670,24693670,0.95
PA-00529,1,duplicate_record,30438929,30634001,0.95
PA-00530,0,,23151553,23151553,0.75
PA-00531,0,,30713494,30713494,0.95
PA-00532,0,,40739858,40739858,0.95
PA-00533,0,,29213098,29213098,0.95
PA-00534,0,,18535180,18535180,0.95
PA-00535,0,,40599204,40599204,0.95
PA-00536,0,,22524185,22524185,0.95
PA-00537,0,,13600975,13600975,0.95
PA-00538,0,,27648608,27648608,0.95
PA-00539,0,,3638866,3638866,0.95
PA-00540,0,,9464386,9464386,0.95
PA-00541,0,,32480811,32480811,0.95
PA-00542,0,,14268902,14268902,0.95
PA-00543,0,,18544771,18544771,0.95
PA-00544,0,,33592867,33592867,0.95
PA-00545,0,,11721309,11721309,0.95
PA-00546,0,,16182246,16182246,0.95
PA-00547,0,,32260840,32260840,0.75
PA-00548,0,,8034503,8034503,0.95
PA-00549,0,,6291525,6291525,0.95
PA-00550,0,,6632919,6632919,0.95
PA-00551,0,,44181489,44181489,0.95
PA-00552,0,,19446103,19446103,0.95
PA-00553,0,,6702008,6702008,0.95
PA-00554,0,,7849291,7849291,0.95
PA-00555,0,,8395223,8395223,0.95
PA-00556,0,,25505209,25505209,0.95
PA-00557,0,,20131519,20131519,0.95
PA-00558,0,,10409387,10409387,0.95
PA-00559,0,,13247340,13247340,0.95
PA-00560,1,contract_reference_mismatch,,35157174,0.95
PA-00561,0,,12872241,12872241,0.95
PA-00562,0,,4479383,4479383,0.95
PA-00563,0,,892439,892439,0.95
PA-00564,0,,6152735,6152735,0.95
PA-00565,0,,10144542,10144542,0.95
PA-00566,0,,32257883,32257883,0.95
PA-00567,0,,4007308,4007308,0.95
PA-00568,0,,11235250,11235250,0.95
PA-00569,0,,2007820,2007820,0.95
PA-00570,0,,5708476,5708476,0.95
PA-00571,0,,19523411,19523411,0.95
PA-00572,0,,23273360,23273360,0.95
PA-00573,0,,27165555,27165555,0.95
PA-00574,0,,20134490,20134490,0.95
PA-00575,0,,6180573,6180573,0.95
PA-00576,0,,28741978,28741978,0.95
PA-00577,0,,34749666,34749666,0.75
PA-00578,0,,16829695,16829695,0.95
PA-00579,0,,10640451,10640451,0.95
PA-00580,1,duplicate_record,53062928,53224472,0.95
PA-00581,0,,3424850,3424850,0.95
PA-00582,0,,5932936,5932936,0.95
PA-00583,0,,10682322,10682322,0.95
PA-00584,0,,4641420,4641420,0.95
PA-00585,0,,8079962,8079962,0.75
PA-00586,0,,10368106,10368106,0.75
PA-00587,0,,18034745,18034745,0.95
PA-00588,0,,18178444,18178444,0.95
PA-00589,0,,21098768,21098768,0.95
PA-00590,0,,9752951,9752951,0.95
PA-00591,0,,21425199,21425199,0.95
PA-00592,0,,46131660,46131660,0.95
PA-00593,0,,24654432,24654432,0.95
PA-00594,0,,3695185,3695185,0.95
PA-00595,0,,21354490,21354490,0.95
PA-00596,0,,19382249,19382249,0.95
PA-00597,0,,16759441,16759441,0.95
PA-00598,0,,24270317,24270317,0.95
PA-00599,0,,16833993,16833993,0.95
PA-00600,0,,26901491,26901491,0.95
PA-00601,0,,4099574,4099574,0.95
PA-00602,0,,18357673,18357673,0.95
PA-00603,0,,8654154,8654154,0.95
PA-00604,0,,4781861,4781861,0.95
PA-00605,0,,6221102,6221102,0.95
PA-00606,0,,12529962,12529962,0.95
PA-00607,0,,28811127,28811127,0.95
PA-00608,0,,17154502,17154502,0.95
PA-00609,1,missing_record,,11823740,0.95
PA-00610,1,line_total_arithmetic,4790444,4787344,0.95
PA-00611,0,,17731179,17731179,0.95
PA-00612,0,,13979217,13979217,0.95
PA-00613,1,unsigned_record,,8877908,0.95
PA-00614,0,,1620665,1620665,0.95
PA-00615,0,,40066930,40066930,0.95
PA-00616,0,,7494236,7494236,0.95
PA-00617,0,,5124619,5124619,0.95
PA-00618,0,,11054879,11054879,0.95
PA-00619,0,,7508180,7508180,0.95
PA-00620,0,,16054059,16054059,0.95
PA-00621,0,,12223773,12223773,0.95
PA-00622,0,,36368511,36368511,0.95
PA-00623,0,,30092360,30092360,0.95
PA-00624,0,,18415883,18415883,0.95
PA-00625,0,,29814636,29814636,0.75
PA-00626,0,,3368772,3368772,0.95
PA-00627,0,,36414294,36414294,0.95
PA-00628,0,,29103965,29103965,0.95
PA-00629,0,,2154001,2154001,0.95
PA-00630,0,,4908697,4908697,0.95
PA-00631,1,missing_record,,21999452,0.95
PA-00632,0,,6290393,6290393,0.95
PA-00633,0,,21665394,21665394,0.95
PA-00634,0,,6102405,6102405,0.95
PA-00635,0,,25409200,25409200,0.95
PA-00636,1,unit_rate_mismatch,14523201,14906661,0.95
PA-00637,0,,46317085,46317085,0.95
PA-00638,0,,56067341,56067341,0.95
PA-00639,0,,4964105,4964105,0.95
PA-00640,0,,30925196,30925196,0.95
PA-00641,0,,4390152,4390152,0.95
PA-00642,0,,21533457,21533457,0.95
PA-00643,0,,24267659,24267659,0.75
PA-00644,0,,3415380,3415380,0.95
PA-00645,0,,8671464,8671464,0.95
PA-00646,0,,40989345,40989345,0.75
PA-00647,0,,25773128,25773128,0.95
PA-00648,0,,9621373,9621373,0.95
PA-00649,0,,7393678,7393678,0.95
PA-00650,0,,11434123,11434123,0.95
PA-00651,0,,39006554,39006554,0.95
PA-00652,0,,6337714,6337714,0.95
PA-00653,0,,24797323,24797323,0.95
PA-00654,0,,22095301,22095301,0.95
PA-00655,0,,37429192,37429192,0.95
PA-00656,0,,21030996,21030996,0.95
PA-00657,0,,8906967,8906967,0.95
PA-00658,0,,8232197,8232197,0.95
PA-00659,1,line_total_arithmetic,30060057,30059557,0.95
PA-00660,0,,23632209,23632209,0.95
PA-00661,0,,29616040,29616040,0.95
PA-00662,0,,16166336,16166336,0.95
PA-00663,0,,3341326,3341326,0.95
PA-00664,0,,29001258,29001258,0.95
PA-00665,0,,25348254,25348254,0.95
PA-00666,0,,17836144,17836144,0.95
PA-00667,0,,17605372,17605372,0.95
PA-00668,1,unit_rate_mismatch,8806468,8899372,0.95
PA-00669,0,,3751660,3751660,0.95
PA-00670,0,,3858762,3858762,0.95
PA-00671,0,,15080837,15080837,0.95
PA-00672,1,missing_record,,9617104,0.95
PA-00673,0,,14851013,14851013,0.95
PA-00674,0,,49877290,49877290,0.95
PA-00675,0,,14852842,14852842,0.95
PA-00676,0,,6297490,6297490,0.95
PA-00677,0,,9359651,9359651,0.95
PA-00678,1,work_after_final_completion,,52609777,0.95
PA-00679,0,,12008089,12008089,0.95
PA-00680,0,,6264258,6264258,0.95
PA-00681,0,,8594853,8594853,0.95
PA-00682,0,,1873866,1873866,0.95
PA-00683,0,,2791232,2791232,0.95
PA-00684,0,,29020849,29020849,0.95
PA-00685,0,,30319846,30319846,0.95
PA-00686,0,,30060719,30060719,0.95
PA-00687,0,,32247595,32247595,0.95
PA-00688,0,,20896805,20896805,0.75
PA-00689,0,,22378090,22378090,0.95
PA-00690,0,,30290602,30290602,0.95
PA-00691,0,,10645266,10645266,0.95
PA-00692,0,,12489282,12489282,0.95
PA-00693,0,,15682232,15682232,0.95
PA-00694,0,,3368993,3368993,0.95
PA-00695,0,,7379340,7379340,0.95
PA-00696,0,,15557922,15557922,0.95
PA-00697,0,,19690667,19690667,0.95
PA-00698,0,,18534289,18534289,0.75
PA-00699,1,application_timing,4282305,4282305,0.75
PA-00700,1,line_outside_application_period,1621198,4981470,0.95
PA-00701,0,,10145536,10145536,0.95
PA-00702,0,,12668019,12668019,0.95
PA-00703,0,,31344295,31344295,0.95
PA-00704,0,,15368091,15368091,0.95
PA-00705,0,,7940993,7940993,0.95
PA-00706,0,,2234768,2234768,0.95
PA-00707,1,unit_rate_mismatch,3367634,3598942,0.95
PA-00708,1,application_timing,21303190,21303190,0.75
PA-00709,0,,13502685,13502685,0.95
PA-00710,0,,35040597,35040597,0.95
PA-00711,1,contract_reference_mismatch,21096521,21096521,0.95
PA-00712,0,,40931767,40931767,0.75
PA-00713,0,,20533755,20533755,0.95
PA-00714,0,,6822535,6822535,0.95
PA-00715,0,,21159912,21159912,0.95
PA-00716,0,,26635348,26635348,0.95
PA-00717,0,,23394591,23394591,0.95
PA-00718,0,,4071194,4071194,0.95
PA-00719,0,,12799915,12799915,0.95
PA-00720,0,,5683965,5683965,0.95
PA-00721,0,,16134960,16134960,0.95
PA-00722,0,,43811838,43811838,0.95
PA-00723,0,,12887727,12887727,0.95
PA-00724,0,,20859182,20859182,0.95
PA-00725,0,,35612332,35612332,0.95
PA-00726,0,,13156185,13156185,0.95
PA-00727,0,,4036034,4036034,0.95
PA-00728,0,,46883143,46883143,0.95
PA-00729,0,,11787452,11787452,0.95
PA-00730,0,,23816653,23816653,0.95
PA-00731,0,,31731168,31731168,0.95
PA-00732,1,unit_rate_mismatch,18430798,18490774,0.95
PA-00733,0,,9998970,9998970,0.95
PA-00734,0,,22107753,22107753,0.95
PA-00735,0,,6156879,6156879,0.95
PA-00736,0,,14626665,14626665,0.95
PA-00737,0,,29349768,29349768,0.95
PA-00738,1,unit_rate_mismatch,22570981,23045221,0.95
PA-00739,0,,52851345,52851345,0.95
PA-00740,0,,32055078,32055078,0.95
PA-00741,0,,3889050,3889050,0.75
PA-00742,0,,10779235,10779235,0.95
PA-00743,0,,9750386,9750386,0.95
PA-00744,0,,18534760,18534760,0.95
PA-00745,0,,13885471,13885471,0.95
PA-00746,0,,5626530,5626530,0.95
PA-00747,0,,24178546,24178546,0.75
PA-00748,0,,29192096,29192096,0.95
PA-00749,0,,12617320,12617320,0.95
PA-00750,0,,12422938,12422938,0.95
PA-00751,0,,11880581,11880581,0.95
PA-00752,0,,5730619,5730619,0.95
PA-00753,0,,22196897,22196897,0.95
PA-00754,0,,21745577,21745577,0.95
PA-00755,0,,10351110,10351110,0.95
PA-00756,0,,2986950,2986950,0.95
PA-00757,0,,17148852,17148852,0.95
PA-00758,0,,25638735,25638735,0.95
PA-00759,0,,17703144,17703144,0.95
PA-00760,0,,32478667,32478667,0.95
PA-00761,1,unit_rate_mismatch,7585204,8451396,0.95
PA-00762,0,,9824915,9824915,0.95
PA-00763,0,,28712918,28712918,0.75
PA-00764,0,,608720,608720,0.95
PA-00765,0,,23779319,23779319,0.95
PA-00766,1,missing_record,,31327866,0.95
PA-00767,0,,8996374,8996374,0.95
PA-00768,1,unit_rate_mismatch,7245167,8152026,0.95
PA-00769,0,,37663288,37663288,0.95
PA-00770,0,,17406201,17406201,0.95
PA-00771,0,,13231575,13231575,0.95
PA-00772,0,,6497608,6497608,0.95
PA-00773,0,,1444439,1444439,0.95
PA-00774,0,,31685080,31685080,0.95
PA-00775,0,,14404259,14404259,0.95
PA-00776,0,,16812236,16812236,0.95
PA-00777,0,,4632840,4632840,0.95
PA-00778,0,,4210611,4210611,0.95
PA-00779,0,,29816543,29816543,0.95
PA-00780,0,,11204384,11204384,0.95
PA-00781,0,,17993729,17993729,0.95
PA-00782,0,,29554496,29554496,0.95
PA-00783,0,,3535609,3535609,0.95
PA-00784,0,,23330880,23330880,0.95
PA-00785,0,,8373998,8373998,0.95
PA-00786,0,,36744524,36744524,0.75
PA-00787,1,unit_rate_mismatch,17848618,18025783,0.95
PA-00788,0,,32081907,32081907,0.95
PA-00789,0,,19403156,19403156,0.95
PA-00790,0,,25068372,25068372,0.95
PA-00791,0,,18085839,18085839,0.95
PA-00792,0,,13543213,13543213,0.95
PA-00793,0,,28406298,28406298,0.95
PA-00794,0,,37451050,37451050,0.95
PA-00795,0,,4457438,4457438,0.95
PA-00796,0,,42484037,42484037,0.75
PA-00797,0,,10998714,10998714,0.95
PA-00798,0,,11672322,11672322,0.95
PA-00799,0,,27391913,27391913,0.95
PA-00800,0,,13622848,13622848,0.95
PA-00801,1,exclusion_window_violation,,11214923,0.55
PA-00802,0,,2607055,2607055,0.95
PA-00803,1,unit_rate_mismatch,40925448,40335062,0.95
PA-00804,0,,22548351,22548351,0.95
PA-00805,0,,40103355,40103355,0.75
PA-00806,0,,26180692,26180692,0.95
PA-00807,0,,10981166,10981166,0.95
PA-00808,0,,17530563,17530563,0.95
PA-00809,0,,26179313,26179313,0.75
PA-00810,0,,24080831,24080831,0.95
PA-00811,0,,14022111,14022111,0.95
PA-00812,0,,18102247,18102247,0.95
PA-00813,1,duplicate_record,,30283555,0.95
PA-00814,0,,5079220,5079220,0.95
PA-00815,0,,25717410,25717410,0.95
PA-00816,0,,31931027,31931027,0.95
PA-00817,1,unit_rate_mismatch,16498282,17481218,0.95
PA-00818,0,,26397756,26397756,0.95
PA-00819,0,,20968585,20968585,0.95
PA-00820,0,,18818609,18818609,0.95
PA-00821,0,,27858975,27858975,0.95
PA-00822,1,unit_rate_mismatch,8173278,8448432,0.95
PA-00823,0,,7511880,7511880,0.95
PA-00824,0,,16157712,16157712,0.95
PA-00825,1,duplicate_record,9958119,10119663,0.95
PA-00826,0,,21414551,21414551,0.75
PA-00827,0,,38409669,38409669,0.95
PA-00828,0,,8243975,8243975,0.95
PA-00829,0,,38395746,38395746,0.95
PA-00830,0,,11933897,11933897,0.95
PA-00831,0,,20174331,20174331,0.95
PA-00832,0,,23102759,23102759,0.95
PA-00833,1,unit_mismatch,,5275867,0.95
PA-00834,0,,9066561,9066561,0.95
PA-00835,0,,17023054,17023054,0.95
PA-00836,0,,2615960,2615960,0.95
PA-00837,0,,4910471,4910471,0.95
PA-00838,0,,1909890,1909890,0.95
PA-00839,0,,64405048,64405048,0.75
PA-00840,0,,16513692,16513692,0.95
PA-00841,0,,24326286,24326286,0.95
PA-00842,0,,3762915,3762915,0.95
PA-00843,0,,17551559,17551559,0.95
PA-00844,0,,3797546,3797546,0.95
PA-00845,1,daily_limit_exceeded,36828425,39223385,0.95
PA-00846,0,,3370692,3370692,0.95
PA-00847,0,,929558,929558,0.95
PA-00848,0,,18553474,18553474,0.95
PA-00849,0,,8745889,8745889,0.95
PA-00850,0,,41026326,41026326,0.95
PA-00851,0,,16613239,16613239,0.75
PA-00852,0,,17404709,17404709,0.95
PA-00853,0,,5468703,5468703,0.95
PA-00854,0,,6363590,6363590,0.95
PA-00855,0,,50538524,50538524,0.95
PA-00856,0,,13343828,13343828,0.95
PA-00857,0,,7079216,7079216,0.95
PA-00858,0,,7509700,7509700,0.95
PA-00859,0,,14139824,14139824,0.95
PA-00860,0,,20676403,20676403,0.95
PA-00861,0,,10196619,10196619,0.95
PA-00862,0,,32757402,32757402,0.75
PA-00863,0,,50700367,50700367,0.95
PA-00864,0,,2873145,2873145,0.95
PA-00865,0,,23851457,23851457,0.95
PA-00866,0,,10866300,10866300,0.95
PA-00867,0,,22493371,22493371,0.95
PA-00868,0,,18512721,18512721,0.95
PA-00869,0,,16604322,16604322,0.95
PA-00870,0,,9327750,9327750,0.95
PA-00871,1,rebate_incorrectly_applied,8494143,8522447,0.95
PA-00872,0,,11924454,11924454,0.95
PA-00873,0,,11444907,11444907,0.95
PA-00874,1,duplicate_record,8197793,8372291,0.95
PA-00875,0,,12155675,12155675,0.95
PA-00876,0,,45156500,45156500,0.95
PA-00877,0,,43004206,43004206,0.75
PA-00878,0,,3863749,3863749,0.95
PA-00879,0,,18473709,18473709,0.95
PA-00880,1,duplicate_record,24047652,24242724,0.95
PA-00881,0,,22002759,22002759,0.75
PA-00882,0,,6999225,6999225,0.95
PA-00883,0,,10634820,10634820,0.95
PA-00884,0,,31251623,31251623,0.95
PA-00885,0,,6291315,6291315,0.95
PA-00886,0,,22875060,22875060,0.95
PA-00887,0,,27157219,27157219,0.95
PA-00888,0,,20043507,20043507,0.95
PA-00889,1,unit_rate_mismatch,31157868,31149048,0.95
PA-00890,0,,28620396,28620396,0.95
PA-00891,0,,1640530,1640530,0.95
PA-00892,1,unit_mismatch,7322310,7520133,0.95
PA-00893,0,,25938876,25938876,0.95
PA-00894,0,,6142337,6142337,0.95
PA-00895,0,,29958182,29958182,0.95
PA-00896,0,,14409716,14409716,0.75
PA-00897,0,,67089146,67089146,0.75
PA-00898,1,unit_rate_mismatch,6053354,6275666,0.95
PA-00899,0,,7321334,7321334,0.95
PA-00900,0,,10903110,10903110,0.95
